{
    "colors": {
        "omnibox_background": [
            28.9925922,
            29.99228297999999,
            38.98949999999999,
            1
        ],
        "bookmark_text": [
            152.00346,
            170.9936238461538,
            177.98999999999998,
            1
        ],
        "tab_text": [
            188.99198399999995,
            146.99897280000002,
            248.982,
            1
        ],
        "tab_background_text": [
            152.00346,
            170.9936238461538,
            177.98999999999998,
            1
        ],
        "ntp_background": [
            39.9909768,
            41.9899086857143,
            53.98350000000001,
            1
        ],
        "toolbar": [
            39.9909768,
            41.9899086857143,
            53.98350000000001,
            1
        ],
        "frame_inactive": [
            68.00506515000001,
            71.00294262954546,
            89.98949999999999,
            1
        ],
        "background_tab_inactive": [
            28.9925922,
            29.99228297999999,
            38.98949999999999,
            1
        ],
        "background_tab_incognito": [
            28.9925922,
            29.99228297999999,
            38.98949999999999,
            1
        ],
        "background_tab_incognito_inactive": [
            28.9925922,
            29.99228297999999,
            38.98949999999999,
            1
        ],
        "frame_incognito": [
            67.9960662,
            70.99517080909091,
            89.98949999999999,
            1
        ],
        "frame_incognito_inactive": [
            67.9960662,
            70.99517080909091,
            89.98949999999999,
            1
        ],
        "background_tab": [
            28.9775268,
            29.976174119999992,
            38.964,
            1
        ],
        "omnibox_text": [
            233.00472,
            233.00472,
            243.98400000000004,
            1
        ],
        "ntp_text": [
            39.9909768,
            41.9899086857143,
            53.98350000000001,
            1
        ],
        "frame": [
            67.9960662,
            70.99517080909091,
            89.98949999999999,
            1
        ],
        "ntp_link": [
            39.9909768,
            41.9899086857143,
            53.98350000000001,
            1
        ],
        "ntp_header": [
            39.9909768,
            41.9899086857143,
            53.98350000000001,
            1
        ]
    }
}
